time,output,input
0.001,0.00014175000000000003,0.0
0.002,0.0005670000000000001,0.0
0.003,0.0012757500000000004,0.0
0.004,0.002268000000000001,0.0
0.005,0.0035437500000000013,0.0
0.006,0.005103000000000002,0.0
0.007,0.006945750000000002,0.0
0.008,0.009072000000000004,0.0
0.009000000000000001,0.011481750000000004,0.0
0.010000000000000002,0.014175000000000005,0.0
0.011000000000000003,0.017151750000000007,0.0
0.012000000000000004,0.020412000000000007,0.0
0.013000000000000005,0.02395575000000001,0.0
0.014000000000000005,0.02778300000000001,0.0
0.015000000000000006,0.03189375000000001,0.0
0.016000000000000007,0.036288000000000015,0.0
0.017000000000000008,0.040965750000000016,0.0
0.01800000000000001,0.045927000000000016,0.0
0.01900000000000001,0.051171750000000016,0.0
0.02000000000000001,0.056700000000000014,0.0
0.02100000000000001,0.06243819277500001,0.0
0.022000000000000013,0.06831277110000002,0.0
0.023000000000000013,0.07432373497500001,0.0
0.024000000000000014,0.08047108440000002,0.0
0.025000000000000015,0.08675481937500001,0.0
0.026000000000000016,0.09317493990000002,0.0
0.027000000000000017,0.09973144597500001,0.0
0.028000000000000018,0.10642433760000002,0.0
0.02900000000000002,0.11325361477500001,0.0
0.03000000000000002,0.12021927750000001,0.0
0.03100000000000002,0.12732132577500002,0.0
0.03200000000000002,0.13455975960000002,0.0
0.03300000000000002,0.14193457897500003,0.0
0.03400000000000002,0.14944578390000002,0.0
0.035000000000000024,0.157093374375,0.0
0.036000000000000025,0.1648773504,0.0
0.037000000000000026,0.17279771197500002,0.0
0.03800000000000003,0.18085445910000003,0.0
0.03900000000000003,0.18904759177500002,0.0
0.04000000000000003,0.19737711000000002,0.0
0.04100000000000003,0.20579408027865753,0.0
0.04200000000000003,0.21424956911463003,0.0
0.04300000000000003,0.22274357650791754,0.0
0.04400000000000003,0.23127610245852004,0.0
0.04500000000000003,0.23984714696643752,0.0
0.046000000000000034,0.24845671003167002,0.0
0.047000000000000035,0.2571047916542175,0.0
0.048000000000000036,0.26579139183408,0.0
0.04900000000000004,0.27451651057125753,0.0
0.05000000000000004,0.28328014786575,0.0
0.05100000000000004,0.2920823037175575,0.0
0.05200000000000004,0.30092297812668,0.0
0.05300000000000004,0.3098021710931175,0.0
0.05400000000000004,0.31871988261686995,0.0
0.05500000000000004,0.32767611269793745,0.0
0.05600000000000004,0.33667086133631996,0.0
0.057000000000000044,0.34570412853201743,0.0
0.058000000000000045,0.3547759142850299,0.0
0.059000000000000045,0.3638862185953574,0.0
0.060000000000000046,0.37303504146299993,0.0
0.06100000000000005,0.38219225380566973,0.0
0.06200000000000005,0.39132772654107917,0.0
0.06300000000000004,0.40044145966922823,0.0
0.06400000000000004,0.40953345319011697,0.0
0.06500000000000004,0.41860370710374534,0.0
0.06600000000000004,0.42765222141011333,0.0
0.06700000000000005,0.43667899610922095,0.0
0.06800000000000005,0.44568403120106825,0.0
0.06900000000000005,0.4546673266856552,0.0
0.07000000000000005,0.46362888256298174,0.0
0.07100000000000005,0.4725686988330479,0.0
0.07200000000000005,0.4814867754958537,0.0
0.07300000000000005,0.4903831125513992,0.0
0.07400000000000005,0.49925770999968433,0.0
0.07500000000000005,0.5081105678407091,0.0
0.07600000000000005,0.5169416860744734,0.0
0.07700000000000005,0.5257510647009774,0.0
0.07800000000000006,0.534538703720221,0.0
0.07900000000000006,0.5433046031322044,0.0
0.08000000000000006,0.5520487629369274,0.0
0.08100000000000006,0.5607547443994908,0.0
0.08200000000000006,0.5694061087849955,0.0
0.08300000000000006,0.5780028560934417,0.0
0.08400000000000006,0.5865449863248292,0.0
0.08500000000000006,0.595032499479158,0.0
0.08600000000000006,0.6034653955564282,0.0
0.08700000000000006,0.6118436745566397,0.0
0.08800000000000006,0.6201673364797925,0.0
0.08900000000000007,0.6284363813258866,0.0
0.09000000000000007,0.6366508090949221,0.0
0.09100000000000007,0.644810619786899,0.0
0.09200000000000007,0.6529158134018173,0.0
0.09300000000000007,0.6609663899396768,0.0
0.09400000000000007,0.6689623494004777,0.0
0.09500000000000007,0.6769036917842199,0.0
0.09600000000000007,0.6847904170909035,0.0
0.09700000000000007,0.6926225253205284,0.0
0.09800000000000007,0.7004000164730947,0.0
0.09900000000000007,0.7081228905486023,0.0
0.10000000000000007,0.7157911475470513,0.0
0.10100000000000008,0.7233978071101743,0.0
0.10200000000000008,0.7309358888797041,0.0
0.10300000000000008,0.7384053928556406,0.0
0.10400000000000008,0.7458063190379838,0.0
0.10500000000000008,0.7531386674267337,0.0
0.10600000000000008,0.7604024380218904,0.0
0.10700000000000008,0.7675976308234539,0.0
0.10800000000000008,0.7747242458314241,0.0
0.10900000000000008,0.781782283045801,0.0
0.11000000000000008,0.7887717424665847,0.0
0.11100000000000008,0.7956926240937751,0.0
0.11200000000000009,0.8025449279273722,0.0
0.11300000000000009,0.8093286539673761,0.0
0.11400000000000009,0.8160438022137867,0.0
0.11500000000000009,0.822690372666604,0.0
0.11600000000000009,0.8292683653258281,0.0
0.11700000000000009,0.835777780191459,0.0
0.11800000000000009,0.8422186172634966,0.0
0.11900000000000009,0.8485908765419409,0.0
0.12000000000000009,0.8548945580267919,0.0
0.1210000000000001,0.8611288107904694,0.0
0.1220000000000001,0.8672927839053931,0.0
0.1230000000000001,0.8733864773715629,0.0
0.1240000000000001,0.8794098911889788,0.0
0.12500000000000008,0.8853630253576409,0.0
0.12600000000000008,0.891245879877549,0.0
0.12700000000000009,0.8970584547487033,0.0
0.12800000000000009,0.9028007499711037,0.0
0.1290000000000001,0.9084727655447502,0.0
0.1300000000000001,0.9140745014696429,0.0
0.1310000000000001,0.9196059577457817,0.0
0.1320000000000001,0.9250671343731666,0.0
0.1330000000000001,0.9304580313517976,0.0
0.1340000000000001,0.9357786486816748,0.0
0.1350000000000001,0.9410289863627981,0.0
0.1360000000000001,0.9462090443951675,0.0
0.1370000000000001,0.951318822778783,0.0
0.1380000000000001,0.9563583215136446,0.0
0.1390000000000001,0.9613275405997525,0.0
0.1400000000000001,0.9662264800371063,0.0
0.1410000000000001,0.9710579209926083,0.0
0.1420000000000001,0.9758246446331605,0.0
0.1430000000000001,0.9805266509587629,0.0
0.1440000000000001,0.9851639399694154,0.0
0.1450000000000001,0.9897365116651181,0.0
0.1460000000000001,0.994244366045871,0.0
0.1470000000000001,0.998687503111674,0.0
0.1480000000000001,1.0030659228625272,0.0
0.1490000000000001,1.0073796252984306,0.0
0.1500000000000001,1.0116286104193841,0.0
0.1510000000000001,1.015812878225388,0.0
0.1520000000000001,1.0199324287164417,0.0
0.1530000000000001,1.0239872618925459,0.0
0.1540000000000001,1.0279773777537,0.0
0.1550000000000001,1.0319027762999045,0.0
0.1560000000000001,1.035763457531159,0.0
0.1570000000000001,1.0395594214474637,0.0
0.1580000000000001,1.0432906680488185,0.0
0.1590000000000001,1.0469571973352236,0.0
0.16000000000000011,1.0505590093066788,0.0
0.16100000000000012,1.0541007331461496,0.0
0.16200000000000012,1.0575869980366013,0.0
0.16300000000000012,1.0610178039780338,0.0
0.16400000000000012,1.0643931509704472,0.0
0.16500000000000012,1.0677130390138414,0.0
0.16600000000000012,1.0709774681082165,0.0
0.16700000000000012,1.0741864382535724,0.0
0.16800000000000012,1.0773399494499092,0.0
0.16900000000000012,1.0804380016972268,0.0
0.17000000000000012,1.0834805949955253,0.0
0.17100000000000012,1.0864677293448046,0.0
0.17200000000000013,1.0893994047450648,0.0
0.17300000000000013,1.0922756211963058,0.0
0.17400000000000013,1.0950963786985277,0.0
0.17500000000000013,1.0978616772517305,0.0
0.17600000000000013,1.1005715168559143,0.0
0.17700000000000013,1.103225897511079,0.0
0.17800000000000013,1.1058248192172244,0.0
0.17900000000000013,1.1083682819743508,0.0
0.18000000000000013,1.110856285782458,0.0
0.18100000000000013,1.1132941024025278,0.0
0.18200000000000013,1.115687003595542,0.0
0.18300000000000013,1.1180349893615005,0.0
0.18400000000000014,1.1203380597004033,0.0
0.18500000000000014,1.1225962146122506,0.0
0.18600000000000014,1.1248094540970421,0.0
0.18700000000000014,1.126977778154778,0.0
0.18800000000000014,1.1291011867854586,0.0
0.18900000000000014,1.1311796799890834,0.0
0.19000000000000014,1.1332132577656526,0.0
0.19100000000000014,1.1352019201151662,0.0
0.19200000000000014,1.137145667037624,0.0
0.19300000000000014,1.1390444985330264,0.0
0.19400000000000014,1.140898414601373,0.0
0.19500000000000015,1.142707415242664,0.0
0.19600000000000015,1.1444715004568993,0.0
0.19700000000000015,1.146190670244079,0.0
0.19800000000000015,1.147864924604203,0.0
0.19900000000000015,1.1494942635372716,0.0
0.20000000000000015,1.1510786870432845,0.0
0.20100000000000015,1.1526233510700308,0.0
0.20200000000000015,1.1541334115652997,0.0
0.20300000000000015,1.155608868529091,0.0
0.20400000000000015,1.157049721961405,0.0
0.20500000000000015,1.1584559718622416,0.0
0.20600000000000016,1.1598276182316005,0.0
0.20700000000000016,1.1611646610694821,0.0
0.20800000000000016,1.1624671003758862,0.0
0.20900000000000016,1.1637349361508127,0.0
0.21000000000000016,1.1649681683942619,0.0
0.21100000000000016,1.1661667971062335,0.0
0.21200000000000016,1.1673308222867278,0.0
0.21300000000000016,1.1684602439357445,0.0
0.21400000000000016,1.1695550620532837,0.0
0.21500000000000016,1.1706152766393456,0.0
0.21600000000000016,1.17164088769393,0.0
0.21700000000000016,1.1726318952170367,0.0
0.21800000000000017,1.1735882992086661,0.0
0.21900000000000017,1.174510099668818,0.0
0.22000000000000017,1.1753972965974926,0.0
0.22100000000000017,1.1762545011201448,0.0
0.22200000000000017,1.17708632436223,0.0
0.22300000000000017,1.1778927663237482,0.0
0.22400000000000017,1.1786738270046992,0.0
0.22500000000000017,1.1794295064050833,0.0
0.22600000000000017,1.1801598045249002,0.0
0.22700000000000017,1.18086472136415,0.0
0.22800000000000017,1.1815442569228327,0.0
0.22900000000000018,1.1821984112009483,0.0
0.23000000000000018,1.1828271841984968,0.0
0.23100000000000018,1.1834305759154782,0.0
0.23200000000000018,1.1840085863518925,0.0
0.23300000000000018,1.1845612155077399,0.0
0.23400000000000018,1.18508846338302,0.0
0.23500000000000018,1.1855903299777333,0.0
0.23600000000000018,1.1860668152918794,0.0
0.23700000000000018,1.1865179193254585,0.0
0.23800000000000018,1.1869436420784705,0.0
0.23900000000000018,1.1873439835509154,0.0
0.24000000000000019,1.1877189437427933,0.0
0.2410000000000002,1.188072390628468,0.0
0.2420000000000002,1.1884081921823033,0.0
0.2430000000000002,1.1887263484042991,0.0
0.2440000000000002,1.1890268592944555,0.0
0.2450000000000002,1.1893097248527724,0.0
0.2460000000000002,1.18957494507925,0.0
0.2470000000000002,1.1898225199738883,0.0
0.2480000000000002,1.190052449536687,0.0
0.2490000000000002,1.1902647337676464,0.0
0.25000000000000017,1.1904593726667663,0.0
0.25100000000000017,1.190636366234047,0.0
0.25200000000000017,1.190795714469488,0.0
0.25300000000000017,1.1909374173730898,0.0
0.25400000000000017,1.191061474944852,0.0
0.25500000000000017,1.1911678871847748,0.0
0.25600000000000017,1.1912566540928582,0.0
0.2570000000000002,1.1913277756691023,0.0
0.2580000000000002,1.191381251913507,0.0
0.2590000000000002,1.1914170828260722,0.0
0.2600000000000002,1.191435268406798,0.0
0.2610000000000002,1.1914388872565493,0.0
0.2620000000000002,1.1914310179761916,0.0
0.2630000000000002,1.1914116605657246,0.0
0.2640000000000002,1.1913808150251484,0.0
0.2650000000000002,1.191338481354463,0.0
0.2660000000000002,1.1912846595536684,0.0
0.2670000000000002,1.1912193496227645,0.0
0.2680000000000002,1.1911425515617515,0.0
0.2690000000000002,1.1910542653706293,0.0
0.2700000000000002,1.1909544910493979,0.0
0.2710000000000002,1.1908432285980572,0.0
0.2720000000000002,1.1907204780166074,0.0
0.2730000000000002,1.1905862393050484,0.0
0.2740000000000002,1.1904405124633801,0.0
0.2750000000000002,1.1902832974916027,0.0
0.2760000000000002,1.190114594389716,0.0
0.2770000000000002,1.1899344031577201,0.0
0.2780000000000002,1.189742723795615,0.0
0.2790000000000002,1.1895395563034008,0.0
0.2800000000000002,1.1893249006810773,0.0
0.2810000000000002,1.1891010924065604,0.0
0.2820000000000002,1.1888704669577657,0.0
0.2830000000000002,1.188633024334693,0.0
0.2840000000000002,1.1883887645373425,0.0
0.2850000000000002,1.1881376875657141,0.0
0.2860000000000002,1.187879793419808,0.0
0.2870000000000002,1.1876150820996239,0.0
0.2880000000000002,1.187343553605162,0.0
0.2890000000000002,1.1870652079364221,0.0
0.2900000000000002,1.1867800450934045,0.0
0.2910000000000002,1.186488065076109,0.0
0.2920000000000002,1.1861892678845356,0.0
0.2930000000000002,1.1858836535186843,0.0
0.2940000000000002,1.1855712219785552,0.0
0.2950000000000002,1.1852519732641482,0.0
0.2960000000000002,1.1849259073754634,0.0
0.2970000000000002,1.184593024312501,0.0
0.2980000000000002,1.1842533240752604,0.0
0.2990000000000002,1.1839068066637422,0.0
0.3000000000000002,1.183553472077946,0.0
0.3010000000000002,1.1831950082628766,0.0
0.3020000000000002,1.182833103163539,0.0
0.3030000000000002,1.1824677567799333,0.0
0.3040000000000002,1.1820989691120591,0.0
0.3050000000000002,1.1817267401599167,0.0
0.3060000000000002,1.1813510699235061,0.0
0.3070000000000002,1.180971958402827,0.0
0.3080000000000002,1.1805894055978798,0.0
0.3090000000000002,1.1802034115086644,0.0
0.3100000000000002,1.1798139761351807,0.0
0.3110000000000002,1.1794210994774286,0.0
0.3120000000000002,1.1790247815354082,0.0
0.3130000000000002,1.1786250223091197,0.0
0.3140000000000002,1.1782218217985627,0.0
0.3150000000000002,1.1778151800037375,0.0
0.3160000000000002,1.1774050969246441,0.0
0.3170000000000002,1.1769915725612823,0.0
0.3180000000000002,1.1765746069136522,0.0
0.31900000000000023,1.176154199981754,0.0
0.32000000000000023,1.1757303517655875,0.0
0.32100000000000023,1.1753042180313977,0.0
0.32200000000000023,1.1748769545454298,0.0
0.32300000000000023,1.1744485613076838,0.0
0.32400000000000023,1.1740190383181595,0.0
0.32500000000000023,1.173588385576857,0.0
0.32600000000000023,1.1731566030837763,0.0
0.32700000000000023,1.1727236908389176,0.0
0.32800000000000024,1.1722896488422807,0.0
0.32900000000000024,1.1718544770938657,0.0
0.33000000000000024,1.1714181755936726,0.0
0.33100000000000024,1.1709807443417013,0.0
0.33200000000000024,1.1705421833379517,0.0
0.33300000000000024,1.170102492582424,0.0
0.33400000000000024,1.169661672075118,0.0
0.33500000000000024,1.169219721816034,0.0
0.33600000000000024,1.168776641805172,0.0
0.33700000000000024,1.1683324320425317,0.0
0.33800000000000024,1.1678870925281133,0.0
0.33900000000000025,1.1674406232619168,0.0
0.34000000000000025,1.166993024243942,0.0
0.34100000000000025,1.1665450352024354,0.0
0.34200000000000025,1.1660973958656435,0.0
0.34300000000000025,1.1656501062335665,0.0
0.34400000000000025,1.1652031663062041,0.0
0.34500000000000025,1.1647565760835565,0.0
0.34600000000000025,1.1643103355656237,0.0
0.34700000000000025,1.1638644447524056,0.0
0.34800000000000025,1.1634189036439022,0.0
0.34900000000000025,1.1629737122401134,0.0
0.35000000000000026,1.1625288705410393,0.0
0.35100000000000026,1.16208437854668,0.0
0.35200000000000026,1.1616402362570353,0.0
0.35300000000000026,1.1611964436721054,0.0
0.35400000000000026,1.1607530007918903,0.0
0.35500000000000026,1.1603099076163899,0.0
0.35600000000000026,1.1598671641456042,0.0
0.35700000000000026,1.1594247703795333,0.0
0.35800000000000026,1.158982726318177,0.0
0.35900000000000026,1.1585410319615352,0.0
0.36000000000000026,1.1580996873096083,0.0
0.36100000000000027,1.1576591219033991,0.0
0.36200000000000027,1.1572197652839102,0.0
0.36300000000000027,1.1567816174511418,0.0
0.36400000000000027,1.156344678405094,0.0
0.36500000000000027,1.1559089481457665,0.0
0.36600000000000027,1.1554744266731596,0.0
0.36700000000000027,1.1550411139872732,0.0
0.36800000000000027,1.1546090100881072,0.0
0.36900000000000027,1.1541781149756618,0.0
0.3700000000000003,1.1537484286499367,0.0
0.3710000000000003,1.153319951110932,0.0
0.3720000000000003,1.1528926823586478,0.0
0.3730000000000003,1.1524666223930842,0.0
0.3740000000000003,1.152041771214241,0.0
0.3750000000000003,1.1516181288221183,0.0
0.3760000000000003,1.1511956952167162,0.0
0.3770000000000003,1.1507744703980345,0.0
0.3780000000000003,1.1503544543660733,0.0
0.3790000000000003,1.1499356471208324,0.0
0.3800000000000003,1.149518048662312,0.0
0.3810000000000003,1.149101868434467,0.0
0.3820000000000003,1.1486873158812518,0.0
0.3830000000000003,1.1482743910026667,0.0
0.3840000000000003,1.1478630937987115,0.0
0.3850000000000003,1.1474534242693863,0.0
0.3860000000000003,1.1470453824146911,0.0
0.3870000000000003,1.146638968234626,0.0
0.3880000000000003,1.146234181729191,0.0
0.3890000000000003,1.145831022898386,0.0
0.3900000000000003,1.1454294917422108,0.0
0.3910000000000003,1.1450295882606656,0.0
0.3920000000000003,1.1446313124537504,0.0
0.3930000000000003,1.1442346643214651,0.0
0.3940000000000003,1.1438396438638099,0.0
0.3950000000000003,1.1434462510807846,0.0
0.3960000000000003,1.1430544859723895,0.0
0.3970000000000003,1.1426643485386243,0.0
0.3980000000000003,1.1422758387794891,0.0
0.3990000000000003,1.141888956694984,0.0
0.4000000000000003,1.1415037022851087,0.0
0.4010000000000003,1.141120137512603,0.0
0.4020000000000003,1.140738324340206,0.0
0.4030000000000003,1.140358262767918,0.0
0.4040000000000003,1.139979952795739,0.0
0.4050000000000003,1.139603394423669,0.0
0.4060000000000003,1.1392285876517079,0.0
0.4070000000000003,1.1388555324798557,0.0
0.4080000000000003,1.1384842289081125,0.0
0.4090000000000003,1.1381146769364783,0.0
0.4100000000000003,1.1377468765649528,0.0
0.4110000000000003,1.1373808277935362,0.0
0.4120000000000003,1.1370165306222286,0.0
0.4130000000000003,1.13665398505103,0.0
0.4140000000000003,1.1362931910799403,0.0
0.4150000000000003,1.1359341487089596,0.0
0.4160000000000003,1.1355768579380878,0.0
0.4170000000000003,1.135221318767325,0.0
0.4180000000000003,1.134867531196671,0.0
0.4190000000000003,1.1345154952261258,0.0
0.4200000000000003,1.1341652108556897,0.0
0.4210000000000003,1.1338166483314207,0.0
0.4220000000000003,1.133469777899377,0.0
0.4230000000000003,1.1331245995595585,0.0
0.4240000000000003,1.1327811133119654,0.0
0.4250000000000003,1.1324393191565976,0.0
0.4260000000000003,1.132099217093455,0.0
0.4270000000000003,1.1317608071225378,0.0
0.4280000000000003,1.1314240892438459,0.0
0.4290000000000003,1.1310890634573791,0.0
0.4300000000000003,1.1307557297631377,0.0
0.4310000000000003,1.1304240881611216,0.0
0.43200000000000033,1.1300941386513308,0.0
0.43300000000000033,1.1297658812337652,0.0
0.43400000000000033,1.129439315908425,0.0
0.43500000000000033,1.1291144426753101,0.0
0.43600000000000033,1.1287912615344204,0.0
0.43700000000000033,1.128469772485756,0.0
0.43800000000000033,1.128149975529317,0.0
0.43900000000000033,1.1278318706651032,0.0
0.44000000000000034,1.1275154578931146,0.0
0.44100000000000034,1.1272006565763801,0.0
0.44200000000000034,1.1268873860779283,0.0
0.44300000000000034,1.126575646397759,0.0
0.44400000000000034,1.1262654375358723,0.0
0.44500000000000034,1.1259567594922681,0.0
0.44600000000000034,1.1256496122669466,0.0
0.44700000000000034,1.1253439958599076,0.0
0.44800000000000034,1.1250399102711512,0.0
0.44900000000000034,1.1247373555006774,0.0
0.45000000000000034,1.1244363315484862,0.0
0.45100000000000035,1.1241368384145776,0.0
0.45200000000000035,1.1238388760989515,0.0
0.45300000000000035,1.123542444601608,0.0
0.45400000000000035,1.123247543922547,0.0
0.45500000000000035,1.1229541740617688,0.0
0.45600000000000035,1.122662335019273,0.0
0.45700000000000035,1.1223720267950599,0.0
0.45800000000000035,1.1220832493891293,0.0
0.45900000000000035,1.1217960028014813,0.0
0.46000000000000035,1.1215102870321159,0.0
0.46100000000000035,1.121225998958788,0.0
0.46200000000000035,1.120943035459253,0.0
0.46300000000000036,1.1206613965335102,0.0
0.46400000000000036,1.1203810821815599,0.0
0.46500000000000036,1.1201020924034022,0.0
0.46600000000000036,1.119824427199037,0.0
0.46700000000000036,1.1195480865684644,0.0
0.46800000000000036,1.1192730705116842,0.0
0.46900000000000036,1.1189993790286967,0.0
0.47000000000000036,1.1187270121195017,0.0
0.47100000000000036,1.1184559697840992,0.0
0.47200000000000036,1.1181862520224892,0.0
0.47300000000000036,1.1179178588346719,0.0
0.47400000000000037,1.117650790220647,0.0
0.47500000000000037,1.1173850461804147,0.0
0.47600000000000037,1.1171206267139748,0.0
0.47700000000000037,1.1168575318213276,0.0
0.47800000000000037,1.1165957615024729,0.0
0.47900000000000037,1.1163353157574107,0.0
0.48000000000000037,1.116076194586141,0.0
0.48100000000000037,1.1158182909403045,0.0
0.4820000000000004,1.1155614977715416,0.0
0.4830000000000004,1.1153058150798523,0.0
0.4840000000000004,1.1150512428652368,0.0
0.4850000000000004,1.114797781127695,0.0
0.4860000000000004,1.1145454298672268,0.0
0.4870000000000004,1.1142941890838323,0.0
0.4880000000000004,1.1140440587775116,0.0
0.4890000000000004,1.1137950389482645,0.0
0.4900000000000004,1.113547129596091,0.0
0.4910000000000004,1.1133003307209912,0.0
0.4920000000000004,1.1130546423229652,0.0
0.4930000000000004,1.112810064402013,0.0
0.4940000000000004,1.1125665969581342,0.0
0.4950000000000004,1.1123242399913291,0.0
0.4960000000000004,1.112082993501598,0.0
0.4970000000000004,1.1118428574889403,0.0
0.4980000000000004,1.1116038319533563,0.0
0.4990000000000004,1.111365916894846,0.0
0.5000000000000003,1.1111291123134095,0.0
0.5010000000000003,1.1108933183714498,0.0
0.5020000000000003,1.1106584352313702,0.0
0.5030000000000003,1.1104244628931708,0.0
0.5040000000000003,1.1101914013568515,0.0
0.5050000000000003,1.1099592506224123,0.0
0.5060000000000003,1.1097280106898533,0.0
0.5070000000000003,1.1094976815591742,0.0
0.5080000000000003,1.1092682632303752,0.0
0.5090000000000003,1.1090397557034564,0.0
0.5100000000000003,1.1088121589784177,0.0
0.5110000000000003,1.1085854730552591,0.0
0.5120000000000003,1.1083596979339807,0.0
0.5130000000000003,1.1081348336145824,0.0
0.5140000000000003,1.107910880097064,0.0
0.5150000000000003,1.1076878373814258,0.0
0.5160000000000003,1.1074657054676678,0.0
0.5170000000000003,1.1072444843557898,0.0
0.5180000000000003,1.107024174045792,0.0
0.5190000000000003,1.1068047745376743,0.0
0.5200000000000004,1.1065862858314368,0.0
0.5210000000000004,1.106368621102648,0.0
0.5220000000000004,1.1061516935268765,0.0
0.5230000000000004,1.1059355031041223,0.0
0.5240000000000004,1.1057200498343853,0.0
0.5250000000000004,1.105505333717666,0.0
0.5260000000000004,1.1052913547539638,0.0
0.5270000000000004,1.105078112943279,0.0
0.5280000000000004,1.1048656082856114,0.0
0.5290000000000004,1.1046538407809612,0.0
0.5300000000000004,1.1044428104293285,0.0
0.5310000000000004,1.104232517230713,0.0
0.5320000000000004,1.104022961185115,0.0
0.5330000000000004,1.103814142292534,0.0
0.5340000000000004,1.1036060605529707,0.0
0.5350000000000004,1.1033987159664247,0.0
0.5360000000000004,1.103192108532896,0.0
0.5370000000000004,1.1029862382523845,0.0
0.5380000000000004,1.1027811051248906,0.0
0.5390000000000004,1.102576709150414,0.0
0.5400000000000004,1.1023730503289546,0.0
0.5410000000000004,1.102170057021333,0.0
0.5420000000000004,1.1019676575883697,0.0
0.5430000000000004,1.1017658520300644,0.0
0.5440000000000004,1.1015646403464172,0.0
0.5450000000000004,1.1013640225374282,0.0
0.5460000000000004,1.1011639986030972,0.0
0.5470000000000004,1.1009645685434242,0.0
0.5480000000000004,1.1007657323584092,0.0
0.5490000000000004,1.1005674900480524,0.0
0.5500000000000004,1.1003698416123537,0.0
0.5510000000000004,1.1001727870513132,0.0
0.5520000000000004,1.0999763263649307,0.0
0.5530000000000004,1.0997804595532064,0.0
0.5540000000000004,1.0995851866161401,0.0
0.5550000000000004,1.099390507553732,0.0
0.5560000000000004,1.099196422365982,0.0
0.5570000000000004,1.0990029310528902,0.0
0.5580000000000004,1.0988100336144564,0.0
0.5590000000000004,1.0986177300506808,0.0
0.5600000000000004,1.0984260203615632,0.0
0.5610000000000004,1.0982348479589756,0.0
0.5620000000000004,1.0980441562547893,0.0
0.5630000000000004,1.0978539452490046,0.0
0.5640000000000004,1.0976642149416214,0.0
0.5650000000000004,1.0974749653326397,0.0
0.5660000000000004,1.0972861964220595,0.0
0.5670000000000004,1.0970979082098808,0.0
0.5680000000000004,1.0969101006961037,0.0
0.5690000000000004,1.0967227738807281,0.0
0.5700000000000004,1.096535927763754,0.0
0.5710000000000004,1.0963495623451815,0.0
0.5720000000000004,1.0961636776250105,0.0
0.5730000000000004,1.095978273603241,0.0
0.5740000000000004,1.0957933502798731,0.0
0.5750000000000004,1.0956089076549067,0.0
0.5760000000000004,1.0954249457283416,0.0
0.5770000000000004,1.095241464500178,0.0
0.5780000000000004,1.095058463970416,0.0
0.5790000000000004,1.0948759441390554,0.0
0.5800000000000004,1.0946939050060964,0.0
0.5810000000000004,1.094512303575089,0.0
0.5820000000000004,1.094331096849583,0.0
0.5830000000000004,1.0941502848295783,0.0
0.5840000000000004,1.093969867515075,0.0
0.5850000000000004,1.0937898449060732,0.0
0.5860000000000004,1.0936102170025728,0.0
0.5870000000000004,1.0934309838045737,0.0
0.5880000000000004,1.093252145312076,0.0
0.5890000000000004,1.0930737015250798,0.0
0.5900000000000004,1.0928956524435849,0.0
0.5910000000000004,1.0927179980675914,0.0
0.5920000000000004,1.0925407383970993,0.0
0.5930000000000004,1.0923638734321086,0.0
0.5940000000000004,1.0921874031726193,0.0
0.5950000000000004,1.0920113276186314,0.0
0.5960000000000004,1.0918356467701449,0.0
0.5970000000000004,1.0916603606271598,0.0
0.5980000000000004,1.091485469189676,0.0
0.5990000000000004,1.0913109724576937,0.0
0.6000000000000004,1.0911368704312128,0.0
0.6010000000000004,1.0909631316124193,0.0
0.6020000000000004,1.0907897245034992,0.0
0.6030000000000004,1.0906166491044524,0.0
0.6040000000000004,1.090443905415279,0.0
0.6050000000000004,1.090271493435979,0.0
0.6060000000000004,1.0900994131665522,0.0
0.6070000000000004,1.0899276646069989,0.0
0.6080000000000004,1.0897562477573188,0.0
0.6090000000000004,1.0895851626175121,0.0
0.6100000000000004,1.0894144091875788,0.0
0.6110000000000004,1.0892439874675188,0.0
0.6120000000000004,1.0890738974573324,0.0
0.6130000000000004,1.0889041391570193,0.0
0.6140000000000004,1.0887347125665796,0.0
0.6150000000000004,1.0885656176860132,0.0
0.6160000000000004,1.0883968545153202,0.0
0.6170000000000004,1.0882284230545005,0.0
0.6180000000000004,1.0880603233035542,0.0
0.6190000000000004,1.0878925552624812,0.0
0.6200000000000004,1.0877251189312815,0.0
0.6210000000000004,1.0875579920436627,0.0
0.6220000000000004,1.0873911523333315,0.0
0.6230000000000004,1.0872245998002883,0.0
0.6240000000000004,1.087058334444533,0.0
0.6250000000000004,1.0868923562660655,0.0
0.6260000000000004,1.086726665264886,0.0
0.6270000000000004,1.0865612614409943,0.0
0.6280000000000004,1.0863961447943904,0.0
0.6290000000000004,1.0862313153250744,0.0
0.6300000000000004,1.0860667730330464,0.0
0.6310000000000004,1.0859025179183062,0.0
0.6320000000000005,1.0857385499808538,0.0
0.6330000000000005,1.0855748692206892,0.0
0.6340000000000005,1.0854114756378126,0.0
0.6350000000000005,1.085248369232224,0.0
0.6360000000000005,1.085085550003923,0.0
0.6370000000000005,1.08492301795291,0.0
0.6380000000000005,1.0847607730791848,0.0
0.6390000000000005,1.0845988153827475,0.0
0.6400000000000005,1.084437144863598,0.0
0.6410000000000005,1.0842757463283828,0.0
0.6420000000000005,1.0841146045837478,0.0
0.6430000000000005,1.083953719629693,0.0
0.6440000000000005,1.0837930914662184,0.0
0.6450000000000005,1.083632720093324,0.0
0.6460000000000005,1.08347260551101,0.0
0.6470000000000005,1.083312747719276,0.0
0.6480000000000005,1.0831531467181226,0.0
0.6490000000000005,1.0829938025075492,0.0
0.6500000000000005,1.0828347150875561,0.0
0.6510000000000005,1.0826758844581432,0.0
0.6520000000000005,1.0825173106193107,0.0
0.6530000000000005,1.0823589935710585,0.0
0.6540000000000005,1.0822009333133864,0.0
0.6550000000000005,1.0820431298462947,0.0
0.6560000000000005,1.0818855831697831,0.0
0.6570000000000005,1.081728293283852,0.0
0.6580000000000005,1.0815712601885008,0.0
0.6590000000000005,1.08141448388373,0.0
0.6600000000000005,1.0812579643695395,0.0
0.6610000000000005,1.0811016916292957,0.0
0.6620000000000005,1.080945655646365,0.0
0.6630000000000005,1.0807898564207474,0.0
0.6640000000000005,1.080634293952443,0.0
0.6650000000000005,1.0804789682414515,0.0
0.6660000000000005,1.0803238792877732,0.0
0.6670000000000005,1.080169027091408,0.0
0.6680000000000005,1.0800144116523558,0.0
0.6690000000000005,1.0798600329706167,0.0
0.6700000000000005,1.0797058910461907,0.0
0.6710000000000005,1.0795519858790779,0.0
0.6720000000000005,1.079398317469278,0.0
0.6730000000000005,1.0792448858167913,0.0
0.6740000000000005,1.0790916909216177,0.0
0.6750000000000005,1.0789387327837572,0.0
0.6760000000000005,1.0787860114032097,0.0
0.6770000000000005,1.0786335267799754,0.0
0.6780000000000005,1.078481278914054,0.0
0.6790000000000005,1.078329267805446,0.0
0.6800000000000005,1.0781774934541508,0.0
0.6810000000000005,1.0780259494513307,0.0
0.6820000000000005,1.0778746293881474,0.0
0.6830000000000005,1.077723533264601,0.0
0.6840000000000005,1.0775726610806915,0.0
0.6850000000000005,1.077422012836419,0.0
0.6860000000000005,1.0772715885317832,0.0
0.6870000000000005,1.0771213881667843,0.0
0.6880000000000005,1.0769714117414222,0.0
0.6890000000000005,1.076821659255697,0.0
0.6900000000000005,1.0766721307096085,0.0
0.6910000000000005,1.076522826103157,0.0
0.6920000000000005,1.0763737454363422,0.0
0.6930000000000005,1.0762248887091643,0.0
0.6940000000000005,1.0760762559216233,0.0
0.6950000000000005,1.075927847073719,0.0
0.6960000000000005,1.0757796621654516,0.0
0.6970000000000005,1.075631701196821,0.0
0.6980000000000005,1.0754839641678273,0.0
0.6990000000000005,1.0753364510784704,0.0
0.7000000000000005,1.0751891619287504,0.0
0.7010000000000005,1.0750420926833684,0.0
0.7020000000000005,1.0748952393070252,0.0
0.7030000000000005,1.074748601799721,0.0
0.7040000000000005,1.0746021801614556,0.0
0.7050000000000005,1.074455974392229,0.0
0.7060000000000005,1.0743099844920414,0.0
0.7070000000000005,1.0741642104608928,0.0
0.7080000000000005,1.0740186522987831,0.0
0.7090000000000005,1.0738733100057123,0.0
0.7100000000000005,1.0737281835816803,0.0
0.7110000000000005,1.0735832730266872,0.0
0.7120000000000005,1.073438578340733,0.0
0.7130000000000005,1.0732940995238178,0.0
0.7140000000000005,1.0731498365759415,0.0
0.7150000000000005,1.0730057894971041,0.0
0.7160000000000005,1.0728619582873056,0.0
0.7170000000000005,1.0727183429465459,0.0
0.7180000000000005,1.072574943474825,0.0
0.7190000000000005,1.0724317598721433,0.0
0.7200000000000005,1.0722887921385005,0.0
0.7210000000000005,1.072146037685868,0.0
0.7220000000000005,1.0720034939262173,0.0
0.7230000000000005,1.0718611608595485,0.0
0.7240000000000005,1.0717190384858615,0.0
0.7250000000000005,1.0715771268051564,0.0
0.7260000000000005,1.071435425817433,0.0
0.7270000000000005,1.0712939355226916,0.0
0.7280000000000005,1.071152655920932,0.0
0.7290000000000005,1.0710115870121542,0.0
0.7300000000000005,1.0708707287963581,0.0
0.7310000000000005,1.070730081273544,0.0
0.7320000000000005,1.0705896444437117,0.0
0.7330000000000005,1.0704494183068614,0.0
0.7340000000000005,1.0703094028629927,0.0
0.7350000000000005,1.070169598112106,0.0
0.7360000000000005,1.070030004054201,0.0
0.7370000000000005,1.069890620689278,0.0
0.7380000000000005,1.0697514480173367,0.0
0.7390000000000005,1.0696124860383773,0.0
0.7400000000000005,1.0694737347523997,0.0
0.7410000000000005,1.0693351923564056,0.0
0.7420000000000005,1.0691968570473969,0.0
0.7430000000000005,1.0690587288253732,0.0
0.7440000000000005,1.0689208076903347,0.0
0.7450000000000006,1.0687830936422815,0.0
0.7460000000000006,1.0686455866812135,0.0
0.7470000000000006,1.0685082868071305,0.0
0.7480000000000006,1.0683711940200329,0.0
0.7490000000000006,1.0682343083199204,0.0
0.7500000000000006,1.068097629706793,0.0
0.7510000000000006,1.067961158180651,0.0
0.7520000000000006,1.067824893741494,0.0
0.7530000000000006,1.0676888363893222,0.0
0.7540000000000006,1.0675529861241357,0.0
0.7550000000000006,1.0674173429459344,0.0
0.7560000000000006,1.0672819068547181,0.0
0.7570000000000006,1.0671466778504872,0.0
0.7580000000000006,1.0670116559332414,0.0
0.7590000000000006,1.0668768411029808,0.0
0.7600000000000006,1.0667422333597054,0.0
0.7610000000000006,1.0666078312373246,0.0
0.7620000000000006,1.066473633269748,0.0
0.7630000000000006,1.0663396394569755,0.0
0.7640000000000006,1.0662058497990072,0.0
0.7650000000000006,1.0660722642958431,0.0
0.7660000000000006,1.0659388829474832,0.0
0.7670000000000006,1.0658057057539274,0.0
0.7680000000000006,1.0656727327151758,0.0
0.7690000000000006,1.0655399638312284,0.0
0.7700000000000006,1.0654073991020852,0.0
0.7710000000000006,1.0652750385277459,0.0
0.7720000000000006,1.0651428821082107,0.0
0.7730000000000006,1.0650109298434798,0.0
0.7740000000000006,1.064879181733553,0.0
0.7750000000000006,1.0647476377784304,0.0
0.7760000000000006,1.064616297978112,0.0
0.7770000000000006,1.0644851623325977,0.0
0.7780000000000006,1.0643542308418876,0.0
0.7790000000000006,1.0642235035059817,0.0
0.7800000000000006,1.06409298032488,0.0
0.7810000000000006,1.0639626598866512,0.0
0.7820000000000006,1.0638325407793645,0.0
0.7830000000000006,1.0637026230030198,0.0
0.7840000000000006,1.063572906557617,0.0
0.7850000000000006,1.063443391443156,0.0
0.7860000000000006,1.063314077659637,0.0
0.7870000000000006,1.06318496520706,0.0
0.7880000000000006,1.063056054085425,0.0
0.7890000000000006,1.062927344294732,0.0
0.7900000000000006,1.062798835834981,0.0
0.7910000000000006,1.0626705287061717,0.0
0.7920000000000006,1.0625424229083045,0.0
0.7930000000000006,1.0624145184413791,0.0
0.7940000000000006,1.062286815305396,0.0
0.7950000000000006,1.0621593135003546,0.0
0.7960000000000006,1.0620320130262553,0.0
0.7970000000000006,1.0619049138830978,0.0
0.7980000000000006,1.0617780160708823,0.0
0.7990000000000006,1.061651319589609,0.0
0.8000000000000006,1.0615248244392774,0.0
0.8010000000000006,1.061398529101184,0.0
0.8020000000000006,1.0612724320566254,0.0
0.8030000000000006,1.0611465333056012,0.0
0.8040000000000006,1.0610208328481114,0.0
0.8050000000000006,1.0608953306841564,0.0
0.8060000000000006,1.060770026813736,0.0
0.8070000000000006,1.0606449212368498,0.0
0.8080000000000006,1.0605200139534985,0.0
0.8090000000000006,1.0603953049636816,0.0
0.8100000000000006,1.0602707942673992,0.0
0.8110000000000006,1.0601464818646513,0.0
0.8120000000000006,1.0600223677554381,0.0
0.8130000000000006,1.0598984519397594,0.0
0.8140000000000006,1.0597747344176152,0.0
0.8150000000000006,1.0596512151890056,0.0
0.8160000000000006,1.0595278942539306,0.0
0.8170000000000006,1.05940477161239,0.0
0.8180000000000006,1.0592818472643841,0.0
0.8190000000000006,1.0591591212099127,0.0
0.8200000000000006,1.0590365934489758,0.0
0.8210000000000006,1.058914262280461,0.0
0.8220000000000006,1.058792126003256,0.0
0.8230000000000006,1.0586701846173605,0.0
0.8240000000000006,1.0585484381227745,0.0
0.8250000000000006,1.0584268865194983,0.0
0.8260000000000006,1.0583055298075317,0.0
0.8270000000000006,1.0581843679868748,0.0
0.8280000000000006,1.0580634010575274,0.0
0.8290000000000006,1.0579426290194898,0.0
0.8300000000000006,1.0578220518727617,0.0
0.8310000000000006,1.0577016696173431,0.0
0.8320000000000006,1.0575814822532343,0.0
0.8330000000000006,1.057461489780435,0.0
0.8340000000000006,1.0573416921989456,0.0
0.8350000000000006,1.0572220895087656,0.0
0.8360000000000006,1.0571026817098954,0.0
0.8370000000000006,1.0569834688023347,0.0
0.8380000000000006,1.0568644507860836,0.0
0.8390000000000006,1.0567456276611422,0.0
0.8400000000000006,1.0566269994275104,0.0
0.8410000000000006,1.0565085641822654,0.0
0.8420000000000006,1.0563903200224842,0.0
0.8430000000000006,1.0562722669481668,0.0
0.8440000000000006,1.0561544049593132,0.0
0.8450000000000006,1.0560367340559236,0.0
0.8460000000000006,1.0559192542379978,0.0
0.8470000000000006,1.0558019655055357,0.0
0.8480000000000006,1.0556848678585375,0.0
0.8490000000000006,1.0555679612970033,0.0
0.8500000000000006,1.0554512458209329,0.0
0.8510000000000006,1.0553347214303261,0.0
0.8520000000000006,1.0552183881251833,0.0
0.8530000000000006,1.0551022459055044,0.0
0.8540000000000006,1.0549862947712894,0.0
0.8550000000000006,1.0548705347225382,0.0
0.8560000000000006,1.0547549657592508,0.0
0.8570000000000007,1.0546395878814272,0.0
0.8580000000000007,1.0545244010890675,0.0
0.8590000000000007,1.0544094053821718,0.0
0.8600000000000007,1.0542946007607397,0.0
0.8610000000000007,1.0541799851348232,0.0
0.8620000000000007,1.0540655564144745,0.0
0.8630000000000007,1.0539513145996933,0.0
0.8640000000000007,1.0538372596904797,0.0
0.8650000000000007,1.0537233916868336,0.0
0.8660000000000007,1.053609710588755,0.0
0.8670000000000007,1.053496216396244,0.0
0.8680000000000007,1.0533829091093005,0.0
0.8690000000000007,1.0532697887279248,0.0
0.8700000000000007,1.0531568552521164,0.0
0.8710000000000007,1.0530441086818756,0.0
0.8720000000000007,1.0529315490172024,0.0
0.8730000000000007,1.0528191762580967,0.0
0.8740000000000007,1.0527069904045585,0.0
0.8750000000000007,1.052594991456588,0.0
0.8760000000000007,1.052483179414185,0.0
0.8770000000000007,1.0523715542773495,0.0
0.8780000000000007,1.0522601160460816,0.0
0.8790000000000007,1.0521488647203812,0.0
0.8800000000000007,1.0520378003002484,0.0
0.8810000000000007,1.0519269205417408,0.0
0.8820000000000007,1.0518162232009158,0.0
0.8830000000000007,1.0517057082777737,0.0
0.8840000000000007,1.0515953757723142,0.0
0.8850000000000007,1.0514852256845373,0.0
0.8860000000000007,1.051375258014443,0.0
0.8870000000000007,1.0512654727620316,0.0
0.8880000000000007,1.051155869927303,0.0
0.8890000000000007,1.051046449510257,0.0
0.8900000000000007,1.0509372115108937,0.0
0.8910000000000007,1.0508281559292132,0.0
0.8920000000000007,1.0507192827652154,0.0
0.8930000000000007,1.0506105920189002,0.0
0.8940000000000007,1.0505020836902677,0.0
0.8950000000000007,1.0503937577793179,0.0
0.8960000000000007,1.0502856142860508,0.0
0.8970000000000007,1.0501776532104665,0.0
0.8980000000000007,1.050069874552565,0.0
0.8990000000000007,1.0499622783123461,0.0
0.9000000000000007,1.04985486448981,0.0
0.9010000000000007,1.0497476307273712,0.0
0.9020000000000007,1.0496405746674442,0.0
0.9030000000000007,1.049533696310029,0.0
0.9040000000000007,1.0494269956551256,0.0
0.9050000000000007,1.049320472702734,0.0
0.9060000000000007,1.0492141274528544,0.0
0.9070000000000007,1.0491079599054864,0.0
0.9080000000000007,1.0490019700606306,0.0
0.9090000000000007,1.0488961579182865,0.0
0.9100000000000007,1.0487905234784543,0.0
0.9110000000000007,1.0486850667411338,0.0
0.9120000000000007,1.0485797877063252,0.0
0.9130000000000007,1.0484746863740284,0.0
0.9140000000000007,1.0483697627442434,0.0
0.9150000000000007,1.0482650168169705,0.0
0.9160000000000007,1.0481604485922094,0.0
0.9170000000000007,1.04805605806996,0.0
0.9180000000000007,1.0479518452502226,0.0
0.9190000000000007,1.0478478101329969,0.0
0.9200000000000007,1.047743952718283,0.0
0.9210000000000007,1.0476402705755177,0.0
0.9220000000000007,1.047536761274137,0.0
0.9230000000000007,1.0474334248141415,0.0
0.9240000000000007,1.0473302611955306,0.0
0.9250000000000007,1.0472272704183048,0.0
0.9260000000000007,1.0471244524824639,0.0
0.9270000000000007,1.0470218073880078,0.0
0.9280000000000007,1.0469193351349366,0.0
0.9290000000000007,1.0468170357232502,0.0
0.9300000000000007,1.0467149091529488,0.0
0.9310000000000007,1.0466129554240322,0.0
0.9320000000000007,1.0465111745365006,0.0
0.9330000000000007,1.0464095664903537,0.0
0.9340000000000007,1.0463081312855917,0.0
0.9350000000000007,1.0462068689222148,0.0
0.9360000000000007,1.0461057794002226,0.0
0.9370000000000007,1.0460048627196155,0.0
0.9380000000000007,1.045904118880393,0.0
0.9390000000000007,1.0458035478825556,0.0
0.9400000000000007,1.045703149726103,0.0
0.9410000000000007,1.045602921944386,0.0
0.9420000000000007,1.045502862070756,0.0
0.9430000000000007,1.0454029701052128,0.0
0.9440000000000007,1.0453032460477563,0.0
0.9450000000000007,1.0452036898983865,0.0
0.9460000000000007,1.0451043016571036,0.0
0.9470000000000007,1.0450050813239073,0.0
0.9480000000000007,1.044906028898798,0.0
0.9490000000000007,1.0448071443817752,0.0
0.9500000000000007,1.0447084277728393,0.0
0.9510000000000007,1.0446098790719902,0.0
0.9520000000000007,1.0445114982792278,0.0
0.9530000000000007,1.0444132853945522,0.0
0.9540000000000007,1.0443152404179634,0.0
0.9550000000000007,1.0442173633494614,0.0
0.9560000000000007,1.044119654189046,0.0
0.9570000000000007,1.0440221129367175,0.0
0.9580000000000007,1.0439247395924758,0.0
0.9590000000000007,1.0438275341563208,0.0
0.9600000000000007,1.0437304966282526,0.0
0.9610000000000007,1.0436336245366415,0.0
0.9620000000000007,1.0435369154098582,0.0
0.9630000000000007,1.0434403692479024,0.0
0.9640000000000007,1.0433439860507743,0.0
0.9650000000000007,1.0432477658184738,0.0
0.9660000000000007,1.043151708551001,0.0
0.9670000000000007,1.043055814248356,0.0
0.9680000000000007,1.0429600829105385,0.0
0.9690000000000007,1.0428645145375488,0.0
0.9700000000000008,1.0427691091293867,0.0
0.9710000000000008,1.0426738666860522,0.0
0.9720000000000008,1.0425787872075454,0.0
0.9730000000000008,1.0424838706938664,0.0
0.9740000000000008,1.042389117145015,0.0
0.9750000000000008,1.0422945265609913,0.0
0.9760000000000008,1.0422000989417952,0.0
0.9770000000000008,1.0421058342874268,0.0
0.9780000000000008,1.042011732597886,0.0
0.9790000000000008,1.0419177938731727,0.0
0.9800000000000008,1.0418240181132874,0.0
0.9810000000000008,1.0417304028663097,0.0
0.9820000000000008,1.0416369456803198,0.0
0.9830000000000008,1.0415436465553178,0.0
0.9840000000000008,1.0414505054913037,0.0
0.9850000000000008,1.0413575224882774,0.0
0.9860000000000008,1.041264697546239,0.0
0.9870000000000008,1.0411720306651882,0.0
0.9880000000000008,1.0410795218451252,0.0
0.9890000000000008,1.04098717108605,0.0
0.9900000000000008,1.0408949783879629,0.0
0.9910000000000008,1.0408029437508635,0.0
0.9920000000000008,1.040711067174752,0.0
0.9930000000000008,1.0406193486596282,0.0
0.9940000000000008,1.0405277882054924,0.0
0.9950000000000008,1.0404363858123444,0.0
0.9960000000000008,1.040345141480184,0.0
0.9970000000000008,1.0402540552090116,0.0
0.9980000000000008,1.040163126998827,0.0
0.9990000000000008,1.0400723568496302,0.0
1.0000000000000007,1.0399817447614212,0.0
